LTE,242,2,2806,33346612,0,10.6406,59.8812,3062,9,1,1458857962,1765536842,0
LTE,242,2,2806,33874956,0,10.5834,59.8473,9960,18,1,1458857962,1757750232,0
LTE,242,2,2771,34519584,0,10.2434,59.7542,4289,50,1,1458859082,1773229802,0
LTE,242,2,2803,33897247,0,10.7172,59.9398,9587,40,1,1458859091,1748325421,0
LTE,242,2,2801,34704406,0,10.7124,59.9296,1000,12,1,1458859088,1765491661,0
LTE,242,2,2801,33358348,0,10.7202,59.9302,1000,13,1,1458859086,1765820343,0
LTE,242,2,2801,33358368,0,10.707,59.9347,3612,50,1,1458859086,1765390981,0
LTE,242,2,2801,33902367,0,10.7354,59.9355,1878,50,1,1458859087,1733488683,0
LTE,242,2,2803,33897246,0,10.7194,59.939,1000,22,1,1458859091,1748325421,0
LTE,242,2,2804,34692620,0,10.7525,59.9122,5155,46,1,1458859093,1733486163,0
LTE,242,2,2804,34438944,0,10.7451,59.9138,1149,34,1,1458859093,1733910481,0
LTE,242,2,2806,34418700,0,10.6309,59.9005,1360,12,1,1468051518,1765536842,0
LTE,242,2,2803,34440716,0,10.6903,59.9441,7745,50,1,1465161986,1746885063,0
LTE,242,2,2803,33372192,0,10.6979,59.9396,7152,22,1,1465204459,1746885063,0
LTE,242,2,2804,35150348,0,10.746,59.9102,1156,17,1,1473388110,1733485506,0
LTE,242,2,2805,33635104,0,10.7474,59.9309,1594,3,1,1517562387,1733489405,0
LTE,242,2,2801,35664150,0,10.7093,59.9332,1000,13,1,1519476393,1765491661,0
LTE,242,2,2771,33449494,0,10.2506,59.7591,3160,21,1,1538144004,1773229801,0
LTE,242,2,2771,34534156,0,10.2632,59.7698,4617,34,1,1552754256,1773227042,0
LTE,242,2,2771,32680971,0,10.2051,59.7405,1000,15,1,1592382978,1769603101,0
LTE,242,2,2803,33913878,0,10.7008,59.9478,3664,30,1,1595169310,1746885062,0
GSM,242,2,1804,3252,-1,10.7399,59.9101,1933,50,1,1596608826,1757936882,0
LTE,242,2,2703,30785813,-1,10.4376,59.835,7191,23,1,1598318291,1748788562,0
LTE,242,2,2801,32144906,-1,10.7117,59.9305,1000,13,1,1598543107,1765901762,0
LTE,242,2,2804,31334667,0,10.728,59.9119,1000,18,1,1599345736,1733905983,0
LTE,242,2,2771,33972236,0,10.2129,59.7532,8005,7,1,1601023600,1767876061,0
LTE,242,2,2804,32409887,-1,10.7508,59.9121,862,35,1,1601711264,1757773381,0
LTE,242,2,2804,32409889,-1,10.7477,59.9136,2566,15,1,1601712174,1758040743,0
GSM,242,2,1804,24941,-1,10.7378,59.9132,500,40,1,1601720269,1758022802,0
GSM,242,2,1804,51010,-1,10.7328,59.9097,2215,50,1,1601720816,1757936882,0
GSM,242,2,1804,3347,-1,10.7421,59.9106,1897,37,1,1601722028,1757936882,0
LTE,242,2,2804,30803233,-1,10.7366,59.914,1000,8,1,1601779225,1738328524,0
LTE,242,2,2804,31873805,-1,10.751,59.9118,1000,3,1,1601780776,1758040743,0
LTE,242,2,2803,30799626,0,10.6842,59.9373,1000,13,1,1607350996,1746885063,0
LTE,242,2,2804,32409876,-1,10.75,59.9097,1000,10,1,1612083444,1757773382,0
LTE,242,2,2804,32590367,-1,10.7381,59.9076,1169,4,1,1616219266,1733485202,0
LTE,242,2,2801,31893003,-1,10.7232,59.9117,3225,23,1,1616638270,1766852285,0
LTE,242,2,2801,94780989,-1,10.7328,59.9227,500,50,1,1617246387,1733488441,0
LTE,242,2,2801,31893005,-1,10.6435,59.9035,6673,18,1,1617247417,1766852285,0
LTE,242,2,2703,31326741,-1,10.3986,59.8277,2030,50,1,1617248547,1748788562,0
LTE,242,2,2703,30785823,-1,10.4258,59.8325,517,33,1,1617612659,1748788562,0
LTE,242,2,2703,32332043,-1,10.4412,59.834,500,29,1,1617612699,1748788562,0
LTE,242,2,2703,32332053,-1,10.4543,59.8396,1234,50,1,1617612779,1748788562,0
LTE,242,2,2801,31890453,-1,10.7348,59.9256,500,46,1,1617926934,1733488508,0
LTE,242,2,2801,31341079,-1,10.7345,59.9179,1000,17,1,1617930488,1758040742,0
LTE,242,2,2804,30821909,-1,10.7336,59.9204,1205,33,1,1619207259,1733488385,0
LTE,242,2,2801,31341077,-1,10.7346,59.9175,1000,20,1,1619207489,1758023581,0
LTE,242,2,2801,30809879,-1,10.7265,59.9221,500,50,1,1619208909,1738328884,0
LTE,242,2,2804,31358495,-1,10.7388,59.9138,500,26,1,1619436288,1733488221,0
LTE,242,2,2804,32463749,-1,10.7504,59.9179,2373,4,1,1619759582,1766211193,0
LTE,242,2,2801,30809889,-1,10.7224,59.9235,1000,20,1,1622881242,1738329004,0
LTE,242,2,2804,32590869,-1,10.7355,59.9139,1000,15,1,1623483629,1733907721,0
LTE,242,2,2804,32444193,-1,10.7488,59.9114,1000,24,1,1623484490,1758040743,0
LTE,242,2,2804,32409879,-1,10.7506,59.9108,1000,13,1,1623484504,1758040743,0
LTE,242,2,2804,32444180,-1,10.753,59.9092,1000,13,1,1623484609,1772725805,0
LTE,242,2,2804,32444183,-1,10.7532,59.909,500,28,1,1623485329,1772725805,0
LTE,242,2,2801,33902359,-1,10.7462,59.9243,2842,5,1,1623685372,1757936882,0
LTE,242,2,2801,30820372,-1,10.7189,59.9254,1000,8,1,1623835947,1766238904,0
LTE,242,2,2801,32144395,-1,10.7134,59.9298,500,25,1,1623836127,1765491662,0
LTE,242,2,2801,30798367,-1,10.7167,59.9298,1000,13,1,1623836236,1765901762,0
LTE,242,2,2801,30798366,-1,10.7163,59.9293,500,31,1,1623836263,1765901762,0
LTE,242,2,2801,32144394,-1,10.713,59.9302,1000,18,1,1623836294,1765901762,0
LTE,242,2,2801,32144907,-1,10.7119,59.93,1000,10,1,1623836424,1765385461,0
LTE,242,2,2801,30820382,-1,10.7184,59.928,500,35,1,1623839594,1766238904,0
LTE,242,2,2801,30820362,-1,10.7215,59.9264,500,34,1,1623839744,1766238904,0
LTE,242,2,2801,30820363,-1,10.7223,59.9261,500,45,1,1623839934,1765629181,0
LTE,242,2,2801,32129557,-1,10.7439,59.9314,1000,2,1,1623994654,1733488631,0
LTE,242,2,2804,32444191,-1,10.7473,59.9126,3787,27,1,1624348879,1758040743,0
LTE,242,2,2804,32409877,-1,10.7472,59.9127,3781,15,1,1624348950,1758040743,0
LTE,242,2,2804,32444190,-1,10.7498,59.9119,500,28,1,1624352300,1766211193,0
LTE,242,2,2804,32412479,-1,10.7297,59.9181,1545,6,1,1624521223,1767709921,0
LTE,242,2,2804,32412489,-1,10.7292,59.9186,1478,5,1,1624521313,1767709921,0
LTE,242,2,2804,32412469,-1,10.7181,59.9275,1606,8,1,1624521343,1767709921,0
LTE,242,2,2801,32144397,-1,10.7132,59.9302,1000,18,1,1624521443,1767709921,0
LTE,242,2,2801,32144909,-1,10.7116,59.9309,1000,15,1,1624521649,1767709921,0
LTE,242,2,2803,30805271,-1,10.6718,59.9328,1848,27,1,1624524345,1746885063,0
LTE,242,2,2803,32043021,-1,10.6728,59.9346,1989,19,1,1624524478,1746885063,0
LTE,242,2,2801,32144919,-1,10.7041,59.9261,1000,14,1,1624527373,1738329303,0
LTE,242,2,2801,30798369,-1,10.7169,59.9293,1000,13,1,1624528152,1765901762,0
LTE,242,2,2801,30798357,-1,10.7185,59.9283,1000,10,1,1624528318,1765629181,0
LTE,242,2,2801,30798349,-1,10.7199,59.9286,1000,19,1,1624528628,1765820343,0
LTE,242,2,2804,94808902,-1,10.7257,59.9104,1000,5,1,1624595529,1733906821,0
LTE,242,2,2801,32599573,-1,10.7382,59.9181,2899,13,1,1624809520,1766852285,0
LTE,242,2,2801,31879711,-1,10.7322,59.9366,1000,9,1,1624809821,1762724521,0
LTE,242,2,2801,30820365,-1,10.7228,59.9266,1000,14,1,1625738610,1765629181,0
LTE,242,2,2801,30820383,-1,10.719,59.9279,500,29,1,1625739030,1765629181,0
LTE,242,2,2801,32144405,-1,10.7119,59.9295,1000,3,1,1625741100,1765491661,0
LTE,242,2,2801,32144407,-1,10.7115,59.9288,1000,11,1,1625741960,1738329303,0
LTE,242,2,2801,32130839,-1,10.7169,59.9305,1000,5,1,1626003246,1765820342,0
LTE,242,2,2801,30798347,-1,10.7192,59.9293,1000,21,1,1626003366,1765901762,0
LTE,242,2,2801,32603169,-1,10.709,59.9263,1000,8,1,1626004272,1738329066,0
LTE,242,2,2801,32603149,-1,10.7196,59.9242,1000,21,1,1626004426,1738329002,0
LTE,242,2,2801,30820375,-1,10.7192,59.9251,1000,12,1,1626004836,1738329063,0
LTE,242,2,2801,32599575,-1,10.7194,59.9294,1000,10,1,1626073002,1765901762,0
LTE,242,2,2801,32130849,-1,10.7131,59.9311,1000,16,1,1626074012,1767709921,0
LTE,242,2,2801,34704908,-1,10.7111,59.9303,1000,13,1,1626077382,1765491661,0
LTE,242,2,2801,30798346,-1,10.7191,59.9291,1000,6,1,1626078643,1766238904,0
LTE,242,2,2804,30810637,-1,10.7518,59.9127,1000,5,1,1626168690,1733908322,0
LTE,242,2,2804,94793512,-1,10.7527,59.9112,1000,8,1,1626303763,1766211193,0
LTE,242,2,2804,32590346,-1,10.7462,59.9099,1000,8,1,1626699689,1733485447,0
GSM,242,2,1804,51171,-1,10.7319,59.9104,2292,50,1,1627653969,1757936882,0
LTE,242,2,2803,31057418,-1,10.665,59.9329,1000,12,1,1627717562,1746885063,0
LTE,242,2,2803,32599063,-1,10.6588,59.929,1000,12,1,1627718010,1746885063,0
LTE,242,2,2803,31057421,-1,10.6611,59.9323,1000,13,1,1627722147,1746885063,0
LTE,242,2,2803,32599053,-1,10.6642,59.9304,1352,12,1,1627722169,1746885063,0
LTE,242,2,2803,30799639,-1,10.68,59.9368,1000,7,1,1627723362,1746885063,0
LTE,242,2,2803,30799636,-1,10.6801,59.9366,1000,14,1,1627723659,1746885063,0
LTE,242,2,2801,33104148,-1,10.7075,59.9319,1000,19,1,1627725127,1765901762,0
LTE,242,2,2804,32138507,-1,10.7311,59.914,1000,17,1,1627825418,1733905923,0
LTE,242,2,2804,94793515,-1,10.7531,59.9109,1000,7,1,1629602413,1758040743,0
LTE,242,2,2804,32444173,-1,10.7532,59.9109,1774,17,1,1629602532,1766211193,0
LTE,242,2,2803,30812171,-1,10.7161,59.9401,6263,5,1,1630139912,1746885062,0
LTE,242,2,2803,30812173,-1,10.7043,59.9434,1000,6,1,1630139942,1746885062,0
GSM,242,2,1801,45412,-1,10.6797,59.9159,1051,28,1,1630660275,1753781161,0
GSM,242,2,1801,3761,-1,10.6636,59.9175,2231,25,1,1630660295,1753651502,0
GSM,242,2,1801,45492,-1,10.6542,59.9081,661,48,1,1630660335,1753793882,0
GSM,242,2,1801,44531,-1,10.6372,59.9127,500,48,1,1630660385,1754391902,0
GSM,242,2,1801,44533,-1,10.641,59.9123,3723,49,1,1630660395,1754046841,0
GSM,242,2,1806,2522,-1,10.56,59.8964,5515,30,1,1630660805,1753651322,0
GSM,242,2,1804,3012,-1,10.7436,59.9019,1445,17,1,1631274039,1757936882,0
LTE,242,2,2804,32590111,-1,10.7433,59.9072,1992,14,1,1631281833,1733907842,0
LTE,242,2,2806,32321035,-1,10.6636,59.9039,1912,21,1,1635665913,1765529821,0
LTE,242,2,2803,31059213,-1,10.6571,59.9228,1624,3,1,1635667473,1746885063,0
LTE,242,2,2771,33981457,0,10.2055,59.7448,1000,2,1,1641379141,1771843151,0
LTE,242,2,2804,31340301,0,10.7345,59.9149,1000,7,1,1644938632,1738328705,0
LTE,242,2,2804,32412487,0,10.7324,59.9154,1000,2,1,1644948832,1765314901,0
LTE,242,2,2803,32575755,-1,10.6371,59.9666,2112,18,1,1645347450,1753030802,0
LTE,242,2,2803,31353879,-1,10.7068,59.9457,1000,5,1,1645348191,1746885062,0
LTE,242,2,2803,32050698,-1,10.7281,59.9482,1977,12,1,1645348285,1746885062,0
LTE,242,2,2771,32670731,0,10.2109,59.7428,1000,2,1,1648802945,1771333441,0
LTE,242,2,2771,31424799,0,10.2655,59.7587,3946,12,1,1649429240,1772013602,0
LTE,242,2,2771,31435028,0,10.2207,59.7684,2462,2,1,1649429452,1772231641,0
LTE,242,2,2771,31435039,0,10.2518,59.771,1856,2,1,1649429710,1772210281,0
LTE,242,2,2806,31847947,-1,10.6854,59.8581,5617,3,1,1650109898,1757759607,0
LTE,242,2,2771,31965195,0,10.2572,59.7579,3835,6,1,1650541955,1772209261,0
LTE,242,2,2771,31965194,0,10.243,59.7477,1179,2,1,1651489960,1772015581,0
LTE,242,2,2771,32670741,0,10.2373,59.7518,1980,2,1,1651490499,1770975901,0
LTE,242,2,2771,31966731,0,10.2099,59.7428,1000,2,1,1651736309,1771333321,0
LTE,242,2,2771,31952139,0,10.2063,59.7429,1000,3,1,1651736352,1771330081,0
LTE,242,2,2771,30889483,0,10.2729,59.78,3233,46,1,1651851490,1772231701,0
LTE,242,2,2771,33995045,0,10.2444,59.7871,1000,2,1,1651851893,1772231341,0
LTE,242,2,2771,33995040,0,10.2444,59.7871,1000,2,1,1651851896,1772231341,0
LTE,242,2,2771,31435041,0,10.2442,59.7872,1000,2,1,1651851931,1772218741,0
LTE,242,2,2771,30889495,0,10.2602,59.7671,2409,31,1,1651872601,1772231821,0
LTE,242,2,2112,31423509,0,10.2576,59.767,2373,2,1,1653475999,1772231641,0
LTE,242,2,2771,31413003,-1,10.2676,59.7787,1617,33,1,1653814666,1772231701,0
LTE,242,2,2703,31433493,-1,10.3195,59.817,999,47,1,1653814945,1748788562,0
LTE,242,2,2703,31427103,-1,10.3319,59.8188,1000,10,1,1653815055,1748788562,0
LTE,242,2,2703,31427083,-1,10.3412,59.8199,763,45,1,1653815065,1748788562,0
LTE,242,2,2703,31854347,-1,10.4097,59.8298,1000,23,1,1653815305,1748788562,0
LTE,242,2,2703,32319253,-1,10.4192,59.8318,500,25,1,1653815355,1748788562,0
LTE,242,2,2804,94804018,-1,10.7535,59.9053,1000,7,1,1653816816,1757936882,0
LTE,242,2,2703,31433495,-1,10.3258,59.8185,1000,7,1,1657847196,1748788562,0
LTE,242,2,2703,30874143,-1,10.294,59.8092,909,43,1,1657847256,1748788563,0
LTE,242,2,2771,31974165,-1,10.2547,59.7641,2636,42,1,1657867677,1772231761,0
LTE,242,2,2771,31424779,-1,10.2751,59.7734,1498,18,1,1657867787,1773229802,0
LTE,242,2,2806,32321055,-1,10.6285,59.9051,500,35,1,1657869090,1765901761,0
LTE,242,2,2804,94804019,0,10.7535,59.9076,2385,9,1,1660034752,1757937364,0
GSM,242,2,1771,6013,-1,10.2265,59.7406,5613,32,1,1662562229,1753650122,0
GSM,242,2,1771,48991,-1,10.2609,59.7706,6397,25,1,1662562798,1753650302,0
GSM,242,2,1771,6621,-1,10.2666,59.7735,8117,25,1,1662562824,1753650421,0
GSM,242,2,1703,27621,-1,10.3248,59.8161,7340,25,1,1662563870,1753650602,0
GSM,242,2,1703,23701,-1,10.386,59.8275,5816,25,1,1662564028,1753650722,0
GSM,242,2,1703,2723,-1,10.4613,59.8447,5695,25,1,1662564198,1753650902,0
GSM,242,2,1703,44981,-1,10.4973,59.869,4519,25,1,1662564278,1753651021,0
GSM,242,2,1806,2142,-1,10.5305,59.8874,5442,25,1,1662564460,1753651217,0
GSM,242,2,1801,34341,-1,10.6276,59.9103,1323,38,1,1662564689,1754038981,0
GSM,242,2,1801,34361,-1,10.6375,59.913,589,26,1,1662564718,1754491151,0
GSM,242,2,1801,44532,-1,10.638,59.9123,1055,21,1,1662564786,1753779841,0
GSM,242,2,1804,45883,-1,10.7463,59.9066,694,50,1,1662565193,1757784721,0
GSM,242,2,1804,3527,-1,10.7497,59.9089,1345,50,1,1662565223,1757936882,0
GSM,242,2,1804,3839,-1,10.7511,59.9078,1000,23,1,1662565223,1757784721,0
LTE,242,2,2771,31411221,-1,10.2348,59.7421,2231,17,1,1662562172,1772012642,0
LTE,242,2,2771,31411211,-1,10.246,59.7541,2015,26,1,1662562702,1772209261,0
LTE,242,2,2771,30889493,-1,10.2643,59.7658,2628,7,1,1662562772,1772231761,0
LTE,242,2,2771,31413015,-1,10.2722,59.7887,1580,8,1,1662563472,1772231641,0
LTE,242,2,2804,32153099,-1,10.748,59.9108,1000,11,1,1662566399,1733485321,0
GSM,242,2,1804,45274,-1,10.7472,59.9121,1861,50,1,1662604017,1757936882,0
GSM,242,2,1804,51461,-1,10.746,59.912,1871,20,1,1662604361,1757936882,0
GSM,242,2,1801,24800,-1,10.7369,59.9149,2440,19,1,1662607428,1757936882,0
GSM,242,2,1804,51172,-1,10.7244,59.9087,2539,50,1,1662609773,1757936882,0
GSM,242,2,1804,3852,-1,10.7482,59.9027,1052,7,1,1662614456,1757936882,0
LTE,242,2,2804,94804021,-1,10.7459,59.9065,1307,25,1,1662614017,1757936882,0
LTE,242,2,2804,31340299,-1,10.7334,59.9158,1000,16,1,1662629311,1733488276,0
LTE,242,2,2801,32144929,-1,10.703,59.9256,1000,4,1,1662703077,1738329304,0
LTE,242,2,2801,31073559,-1,10.7098,59.9259,1000,15,1,1662705125,1738329124,0
LTE,242,2,2801,33104151,-1,10.708,59.932,1000,12,1,1662705999,1767709921,0
LTE,242,2,2801,31073549,-1,10.7171,59.9285,1000,7,1,1662707994,1765820342,0
LTE,242,2,2801,31336981,-1,10.7516,59.9227,500,26,1,1662715852,1766238904,0
LTE,242,2,2801,32612117,-1,10.752,59.922,1000,6,1,1662716005,1766238904,0
LTE,242,2,2801,32612127,-1,10.7515,59.9226,1000,7,1,1662716622,1766238904,0
GSM,242,2,1801,55112,-1,10.7137,59.93,1000,12,1,1662705871,1747504981,0
GSM,242,2,1801,45201,-1,10.6431,59.9128,500,50,1,1662760113,1754391661,0
GSM,242,2,1771,27592,-1,10.2318,59.7444,2711,5,1,1662762256,1753650002,0
LTE,242,2,2703,33132299,-1,10.3811,59.8255,647,25,1,1662761331,1748788562,0
LTE,242,2,2703,33132319,-1,10.3583,59.8236,1019,44,1,1662761371,1748788562,0
LTE,242,2,2703,30874123,-1,10.3062,59.8125,1000,12,1,1662761531,1748788562,0
LTE,242,2,2771,31413013,-1,10.268,59.7867,1337,6,1,1662761711,1772231701,0
LTE,242,2,2801,31073547,-1,10.7158,59.9293,1000,5,1,1664883490,1765557783,0
LTE,242,2,2771,31424778,0,10.2859,59.7597,1299,2,1,1678489421,1773229802,0
LTE,242,2,2804,94838325,-1,10.727,59.9153,1000,2,1,1681861074,1767709921,0
LTE,242,2,2804,32031521,-1,10.7254,59.9153,1000,2,1,1681861164,1767709921,0
LTE,242,2,2803,31880725,0,10.6923,59.9394,1000,3,1,1682350835,1746885063,0
LTE,242,2,2803,31880717,0,10.705,59.9393,6779,7,1,1682409155,1746885063,0
LTE,242,2,2803,30811156,0,10.7175,59.9454,4263,6,1,1683029867,1746885062,0
LTE,242,2,2803,30811146,0,10.7067,59.9419,3550,3,1,1683029887,1746885062,0
LTE,242,2,2803,30805268,0,10.6719,59.932,1785,18,1,1683293444,1746885063,0
LTE,242,2,2803,30812193,0,10.7014,59.9437,1000,7,1,1683293568,1746885062,0
LTE,242,2,2804,32045069,0,10.7463,59.9159,3474,3,1,1683373796,1757936882,0
LTE,242,2,2804,34990900,-1,10.7537,59.9042,1000,6,1,1685348619,1757784721,0
LTE,242,2,2801,32599572,-1,10.7234,59.9298,1000,12,1,1685777932,1766238904,0
LTE,242,2,2703,32332575,0,10.3788,59.8084,11174,3,1,1690384672,1748788562,0
LTE,242,2,2803,32043018,-1,10.6761,59.9342,1000,21,1,1693629764,1746885063,0
LTE,242,2,2806,32317197,-1,10.627,59.9093,1000,18,1,1694226504,1765525322,0
LTE,242,2,2804,30818571,0,10.7419,59.9144,1000,1,1,1733488135,1733488135,0
LTE,242,2,2804,32592159,0,10.7322,59.9199,1000,1,1,1733488318,1733488318,0
LTE,242,2,2805,31057183,0,10.7503,59.94,1000,1,1,1733488758,1733488758,0
LTE,242,2,2804,32037389,0,10.7459,59.913,1000,1,1,1733910454,1733910454,0
LTE,242,2,2804,32037387,0,10.7448,59.9138,1000,1,1,1733910948,1733910948,0
LTE,242,2,2771,32682773,0,10.2459,59.7527,1000,1,1,1734820489,1734820489,0
LTE,242,2,2804,94808363,0,10.7342,59.9169,1000,1,1,1738328739,1738328739,0
LTE,242,2,2801,31883021,0,10.7166,59.9267,1000,1,1,1738329063,1738329063,0
LTE,242,2,2801,33104141,0,10.7087,59.9282,1000,1,1,1738329290,1738329290,0
LTE,242,2,2803,31343373,0,10.7047,59.9334,1000,1,1,1738329361,1738329361,0
LTE,242,2,2803,33115669,0,10.6425,59.9253,1000,1,1,1738329973,1738329973,0
LTE,242,2,2803,33115679,0,10.64,59.9266,1000,1,1,1738329993,1738329993,0
LTE,242,2,2803,31349259,0,10.6396,59.9267,1000,1,1,1738329998,1738329998,0
LTE,242,2,2803,30811157,0,10.7258,59.9486,1000,1,1,1738330927,1738330927,0
LTE,242,2,2771,30889596,0,10.2404,59.7802,1000,1,1,1741449671,1741449671,0
LTE,242,2,2771,35242769,0,10.2404,59.7802,1000,1,1,1741449677,1741449677,0
LTE,242,2,2771,32682785,0,10.234,59.7788,1000,1,1,1744109278,1744109278,0
LTE,242,2,2771,35225617,0,10.2163,59.7463,1000,1,1,1745312121,1745312121,0
LTE,242,2,2803,31345930,-1,10.716,59.9457,1000,7,1,1746863640,1746885062,0
LTE,242,2,2803,31353866,-1,10.711,59.9459,1000,6,1,1746863696,1746885062,0
LTE,242,2,2803,31880724,-1,10.688,59.9387,1000,8,1,1746863970,1746885063,0
LTE,242,2,2803,31057431,-1,10.656,59.9308,1000,14,1,1746864927,1746885063,0
LTE,242,2,2803,33897249,-1,10.7187,59.9394,1000,6,1,1747182094,1747202341,0
LTE,242,2,2801,94797618,-1,10.7219,59.9366,1000,10,1,1747182334,1748325421,0
LTE,242,2,2801,94865991,-1,10.7204,59.9364,1000,1,1,1748219769,1748219769,0
LTE,242,2,2803,94887721,-1,10.7179,59.9398,1000,2,1,1748305190,1748325421,0
LTE,242,2,2804,32606221,-1,10.7503,59.9128,1000,2,1,1748503909,1748604901,0
LTE,242,2,2703,31610901,-1,10.4439,59.8352,1000,1,1,1748758995,1748758995,0
LTE,242,2,2703,30874145,-1,10.2816,59.8073,1000,2,1,1748759411,1748788563,0
UMTS,242,2,2810,31054347,0,10.7351,59.948,1325,50,1,1751010695,1751030882,0
UMTS,242,2,2810,94887721,0,10.7138,59.9409,500,43,1,1751011090,1751031242,0
UMTS,242,2,2810,33897248,0,10.7068,59.9419,500,40,1,1751011390,1751031481,0
UMTS,242,2,2810,30812191,0,10.7059,59.9392,1000,24,1,1751011690,1751031782,0
UMTS,242,2,2801,33104149,0,10.715,59.9308,528,38,1,1751011990,1751032142,0
UMTS,242,2,2801,33358348,0,10.7183,59.9301,1000,5,1,1751012290,1751032741,0
UMTS,242,2,2801,33358368,0,10.7186,59.9299,1174,7,1,1751013191,1751061842,0
UMTS,242,2,2801,35159574,0,10.7188,59.9299,1000,3,1,1751014090,1751061541,0
UMTS,242,2,2801,30798347,0,10.7188,59.9299,1000,3,1,1751014965,1751072941,0
UMTS,242,2,2801,30798367,0,10.7188,59.9299,1000,4,1,1751031785,1751092383,0
UMTS,242,2,2811,31599637,0,10.6375,59.9133,4894,34,1,1751081793,1751636537,0
UMTS,242,2,2811,31853323,0,10.6347,59.9129,1000,3,1,1751509907,1751529901,0
UMTS,242,2,2811,31599115,0,10.6344,59.9126,1000,3,1,1751591784,1751617921,0
UMTS,242,2,2811,34159116,0,10.6346,59.9128,1000,12,1,1751594784,1751632501,0
GSM,242,2,1801,34362,-1,10.6442,59.9143,1126,25,1,1752546129,1754467441,0
UMTS,242,2,2771,31954197,0,10.2164,59.7432,3638,5,1,1753629760,1753650001,0
UMTS,242,2,2771,31422485,0,10.2357,59.7469,2258,7,1,1753629986,1753650001,0
UMTS,242,2,2771,31962389,0,10.2405,59.7503,2926,5,1,1753629992,1753650062,0
UMTS,242,2,2771,31426325,0,10.2347,59.7465,2168,4,1,1753629998,1753650001,0
UMTS,242,2,2771,30873867,0,10.2515,59.7606,3366,20,1,1753630040,1753650122,0
UMTS,242,2,2771,33433878,0,10.2529,59.7625,2847,5,1,1753630059,1753650122,0
UMTS,242,2,2771,30873887,0,10.2522,59.761,3265,9,1,1753630052,1753650122,0
UMTS,242,2,2771,31411221,0,10.26,59.7682,2387,4,1,1753630108,1753650122,0
UMTS,242,2,2771,31959573,0,10.2693,59.7847,2930,5,1,1753630159,1753650242,0
UMTS,242,2,2771,31974165,0,10.2667,59.7752,1428,3,1,1753630180,1753650122,0
UMTS,242,2,2771,31974155,0,10.2853,59.7966,3340,8,1,1753630217,1753650302,0
UMTS,242,2,2771,31965195,0,10.2826,59.7933,3422,6,1,1753630225,1753650302,0
UMTS,242,2,2771,31959583,0,10.2855,59.7954,4479,9,1,1753630290,1753650362,0
UMTS,242,2,2771,30889483,0,10.3194,59.8143,3674,18,1,1753630349,1753650422,0
UMTS,242,2,2771,33449484,0,10.3166,59.8139,3432,13,1,1753630349,1753650422,0
UMTS,242,2,2771,31413013,0,10.3215,59.8147,3342,5,1,1753630356,1753650422,0
UMTS,242,2,2771,33995020,0,10.3228,59.8149,3573,5,1,1753630343,1753650422,0
UMTS,242,2,2704,30874143,0,10.3484,59.8199,3344,4,1,1753630411,1753650482,0
UMTS,242,2,2704,30874123,0,10.3675,59.824,3088,5,1,1753630463,1753650541,0
UMTS,242,2,2704,31433493,0,10.3936,59.8274,3062,8,1,1753630518,1753650601,0
UMTS,242,2,2704,31427083,0,10.3975,59.8283,3131,8,1,1753630533,1753650602,0
UMTS,242,2,2704,31427103,0,10.3996,59.8286,2938,5,1,1753630536,1753650602,0
UMTS,242,2,2704,31326731,0,10.4441,59.8393,3037,22,1,1753630641,1753650723,0
UMTS,242,2,2704,33127179,0,10.433,59.8347,2115,4,1,1753630648,1753650661,0
UMTS,242,2,2704,31326741,0,10.4426,59.8387,2745,5,1,1753630649,1753650722,0
UMTS,242,2,2704,33132299,0,10.4481,59.8402,3085,13,1,1753630650,1753650722,0
UMTS,242,2,2704,32332043,0,10.4743,59.853,2698,5,1,1753630760,1753650842,0
UMTS,242,2,2704,32332053,0,10.4839,59.8596,3107,9,1,1753630779,1753650902,0
UMTS,242,2,2704,32319253,0,10.4666,59.8458,1219,3,1,1753630783,1753650722,0
UMTS,242,2,2704,31329301,0,10.4883,59.8625,3164,9,1,1753630838,1753650902,0
UMTS,242,2,2704,30786069,0,10.5055,59.8739,2925,5,1,1753630892,1753650961,0
UMTS,242,2,2704,30789663,0,10.4923,59.8661,1450,2,1,1753630900,1753650842,0
UMTS,242,2,2704,30786325,0,10.5205,59.882,2869,15,1,1753630941,1753651021,0
UMTS,242,2,2704,31871499,0,10.5243,59.8839,2924,15,1,1753630952,1753651021,0
UMTS,242,2,2704,30786059,0,10.5218,59.8823,2798,5,1,1753630948,1753651021,0
UMTS,242,2,2704,31871519,0,10.524,59.8839,2720,10,1,1753630962,1753651021,0
UMTS,242,2,2704,30786315,0,10.5372,59.8888,2835,4,1,1753631022,1753651081,0
UMTS,242,2,2704,31321621,0,10.5587,59.8949,2834,10,1,1753631059,1753651151,0
UMTS,242,2,2806,30774805,0,10.5758,59.8992,2487,5,1,1753631118,1753651212,0
UMTS,242,2,2806,33135115,0,10.5823,59.9004,2507,9,1,1753631136,1753651215,0
UMTS,242,2,2806,31314965,0,10.5985,59.9036,2175,5,1,1753631192,1753651268,0
UMTS,242,2,2806,30784533,0,10.6157,59.9074,2418,22,1,1753631243,1753651322,0
UMTS,242,2,2806,31327509,0,10.6174,59.9074,2278,5,1,1753631262,1753651322,0
UMTS,242,2,2806,31327499,0,10.6142,59.9069,2546,8,1,1753631255,1753651322,0
UMTS,242,2,2806,31318037,0,10.6345,59.9113,1944,2,1,1753631323,1753651382,0
UMTS,242,2,2806,31864587,0,10.6535,59.9145,2422,9,1,1753631360,1753651442,0
UMTS,242,2,2811,32317195,0,10.6736,59.9151,2410,8,1,1753631421,1753651502,0
UMTS,242,2,2811,31859979,0,10.6799,59.9162,1545,4,1,1753631494,1753651502,0
UMTS,242,2,2806,32317195,0,10.682,59.9163,1542,6,1,1753631495,1753651502,0
UMTS,242,2,2811,30816267,0,10.689,59.9163,1279,23,1,1753631541,1753651503,0
UMTS,242,2,2811,30816277,0,10.6887,59.9162,1070,3,1,1753631557,1753651502,0
UMTS,242,2,2811,63321621,0,10.7017,59.9127,1000,1,1,1753631659,1753631659,0
UMTS,242,2,2811,31071243,0,10.704,59.9112,1000,1,1,1753631670,1753631670,0
UMTS,242,2,2811,61521695,0,10.7053,59.9109,1000,1,1,1753631673,1753631673,0
GSM,242,2,1801,44272,-1,10.6349,59.9131,1000,7,1,1753677138,1754477701,0
GSM,242,2,1806,44172,-1,10.6631,59.9086,1000,14,1,1753760854,1753780861,0
GSM,242,2,1803,3470,-1,10.664,59.9101,1000,6,1,1753761474,1753789381,0
GSM,242,2,1803,51743,-1,10.664,59.9101,1000,1,1,1753764474,1753764474,0
LTE,242,2,2808,94837309,-1,10.7212,59.9067,1000,8,1,1754390782,1758187862,0
LTE,242,2,2808,94837308,-1,10.718,59.9038,1000,2,1,1754390825,1754568721,0
LTE,242,2,2808,94837311,-1,10.7448,59.8993,1645,5,1,1754390846,1766852285,0
LTE,242,2,2808,33377302,-1,10.7158,59.9033,1000,2,1,1754390866,1754568721,0
LTE,242,2,2808,32029972,-1,10.7101,59.9028,1000,13,1,1754390886,1758187862,0
LTE,242,2,2808,32029973,-1,10.7225,59.9076,1048,9,1,1754390906,1758187862,0
LTE,242,2,2811,63321621,-1,10.7106,59.9048,1000,5,1,1754390926,1758187862,0
LTE,242,2,2811,32132373,-1,10.7106,59.9015,1000,2,1,1754390956,1754568721,0
LTE,242,2,2811,33917194,-1,10.7083,59.9008,1000,3,1,1754390976,1758187862,0
LTE,242,2,2811,31336215,-1,10.7023,59.9014,1000,24,1,1754390996,1758187862,0
LTE,242,2,2811,33896214,-1,10.7093,59.9009,1000,1,1,1754391016,1754391016,0
LTE,242,2,2807,34710816,-1,10.7093,59.9009,1000,1,1,1754391035,1754391035,0
LTE,242,2,2808,32029975,-1,10.7214,59.9078,1027,3,1,1754391045,1757759607,0
LTE,242,2,2808,33357088,-1,10.7093,59.9009,1000,1,1,1754391076,1754391076,0
LTE,242,2,2808,34441740,-1,10.7093,59.9009,1000,1,1,1754391126,1754391126,0
LTE,242,2,2808,31881739,-1,10.7093,59.9009,1000,1,1,1754391155,1754391155,0
LTE,242,2,2808,34589974,-1,10.7093,59.9009,1000,1,1,1754391355,1754391355,0
LTE,242,2,2807,34586134,-1,10.7093,59.9009,1000,1,1,1754391466,1754391466,0
LTE,242,2,2807,35685398,-1,10.7093,59.9009,1000,1,1,1754391526,1754391526,0
LTE,242,2,10003,31060498,-1,10.7093,59.9009,1000,1,1,1754391536,1754391536,0
LTE,242,2,2807,33895446,-1,10.7093,59.9009,1000,1,1,1754391576,1754391576,0
LTE,242,2,33195,52895749,-1,10.7093,59.9009,1000,1,1,1754392076,1754392076,0
LTE,242,2,2806,33350166,-1,10.7093,59.9009,1000,1,1,1754391916,1754391916,0
LTE,242,2,2806,30790167,-1,10.7093,59.9009,1000,1,1,1754392086,1754392086,0
LTE,242,2,2255,34428940,-1,10.7093,59.9009,1000,1,1,1754394666,1754394666,0
LTE,242,2,2255,31868939,-1,10.7093,59.9009,1000,1,1,1754395076,1754395076,0
LTE,242,2,2255,34428945,-1,10.7093,59.9009,1000,1,1,1754395096,1754395096,0
LTE,242,2,2255,34872352,-1,10.7093,59.9009,1000,1,1,1754396166,1754396166,0
LTE,242,2,2255,33332261,-1,10.6581,59.7886,12809,2,1,1754396266,1772725801,0
LTE,242,2,2255,33332246,-1,10.7093,59.9009,1000,1,1,1754396406,1754396406,0
LTE,242,2,2255,35134230,-1,10.7093,59.9009,1000,1,1,1754396486,1754396486,0
LTE,242,2,2255,34872357,-1,10.7093,59.9009,1000,1,1,1754396716,1754396716,0
LTE,242,2,33199,54045954,-1,10.7093,59.9009,1000,1,1,1754396776,1754396776,0
LTE,242,2,2255,33442060,-1,10.7093,59.9009,1000,1,1,1754396916,1754396916,0
LTE,242,2,2255,30882059,-1,10.7093,59.9009,1000,1,1,1754396936,1754396936,0
LTE,242,2,33199,53117952,-1,10.7093,59.9009,1000,1,1,1754397016,1754397016,0
LTE,242,2,2255,33458449,-1,10.7093,59.9009,1000,1,1,1754398106,1754398106,0
LTE,242,2,2255,33455638,-1,10.7093,59.9009,1000,1,1,1754398136,1754398136,0
LTE,242,2,2517,33550363,-1,10.7093,59.9009,1000,1,1,1754434720,1754434720,0
LTE,242,2,2517,33546262,-1,10.7093,59.9009,1000,1,1,1754434710,1754434710,0
LTE,242,2,2517,33545233,-1,10.7093,59.9009,1000,1,1,1754434760,1754434760,0
LTE,242,2,2516,33544204,-1,10.7093,59.9009,1000,1,1,1754434781,1754434781,0
LTE,242,2,2517,33546267,-1,10.7093,59.9009,1000,1,1,1754434841,1754434841,0
LTE,242,2,2517,33541147,-1,10.7093,59.9009,1000,1,1,1754434860,1754434860,0
LTE,242,2,2516,33546523,-1,10.7093,59.9009,1000,1,1,1754435231,1754435231,0
LTE,242,2,2516,32067349,-1,10.7093,59.9009,1000,1,1,1754436081,1754436081,0
LTE,242,2,2516,33546538,-1,10.7093,59.9009,1000,1,1,1754437461,1754437461,0
LTE,242,2,2516,34095121,-1,10.7093,59.9009,1000,1,1,1754437581,1754437581,0
LTE,242,2,2771,35242784,0,10.2129,59.7466,1000,1,1,1754992886,1754992886,0
LTE,242,2,2703,95024141,-1,10.5569,59.7622,8184,34,1,1757726662,1758187864,0
LTE,242,2,2704,30789643,-1,10.5847,59.8193,2242,29,1,1757727612,1758187863,0
LTE,242,2,2704,31871509,-1,10.5805,59.816,1122,26,1,1757727722,1758187863,0
LTE,242,2,2704,31862037,-1,10.5901,59.8268,1000,13,1,1757727872,1757750232,0
LTE,242,2,2704,33349644,-1,10.5958,59.8329,1000,5,1,1757727982,1757750232,0
LTE,242,2,2704,30789645,-1,10.5735,59.8147,2280,28,1,1757727992,1758187863,0
LTE,242,2,2704,33993489,-1,10.6003,59.8366,1000,2,1,1757728042,1757750232,0
LTE,242,2,2806,31314955,-1,10.6135,59.8477,1000,19,1,1757728122,1757750233,0
LTE,242,2,2806,31314957,-1,10.6233,59.856,2062,23,1,1757728282,1757759607,0
LTE,242,2,2806,31605005,-1,10.6406,59.8675,1000,23,1,1757728422,1757750233,0
LTE,242,2,2806,94832179,-1,10.6657,59.8814,5818,27,1,1757728502,1766852285,0
LTE,242,2,2806,31605003,-1,10.6389,59.8676,1247,13,1,1757728632,1757759607,0
LTE,242,2,2806,94832178,-1,10.6736,59.8876,1000,5,1,1757728862,1757759607,0
LTE,242,2,2811,30819339,-1,10.674,59.8882,1000,8,1,1757728892,1757750233,0
LTE,242,2,2811,30806037,-1,10.6791,59.8905,1000,12,1,1757728962,1757759607,0
LTE,242,2,2811,31336213,-1,10.7003,59.9002,1228,16,1,1757729072,1757759607,0
LTE,242,2,2808,32592919,-1,10.689,59.8941,1000,2,1,1757729122,1757750233,0
LTE,242,2,2808,32028183,-1,10.6935,59.8955,1000,2,1,1757729192,1757750233,0
LTE,242,2,2811,63321623,-1,10.7066,59.9056,1000,8,1,1757729362,1758187862,0
LTE,242,2,2811,31336212,-1,10.7084,59.9059,1000,3,1,1757730052,1758187862,0
LTE,242,2,2811,63321620,-1,10.7077,59.908,1000,1,1,1757730102,1757730102,0
LTE,242,2,2811,31345677,-1,10.7089,59.9088,1000,15,1,1757731329,1758187862,0
LTE,242,2,2811,31345674,-1,10.7092,59.909,1000,3,1,1757731339,1757755865,0
LTE,242,2,2811,31345684,-1,10.7113,59.9085,1000,7,1,1757732040,1757755865,0
LTE,242,2,2811,31345685,-1,10.7161,59.9093,1000,4,1,1757732310,1758187862,0
LTE,242,2,2808,30817301,-1,10.7172,59.9097,1000,14,1,1757732390,1758187862,0
LTE,242,2,2808,30817300,-1,10.7187,59.9099,1000,2,1,1757732590,1757755865,0
LTE,242,2,2808,32028171,-1,10.7202,59.9105,1000,3,1,1757732650,1757755865,0
LTE,242,2,2808,31334677,-1,10.7232,59.9108,1000,7,1,1757732770,1757755865,0
LTE,242,2,2808,32138517,-1,10.7251,59.9111,1000,1,1,1757732969,1757732969,0
LTE,242,2,2808,31334667,-1,10.7267,59.9114,1000,4,1,1757732999,1757755865,0
LTE,242,2,2808,31339275,-1,10.7298,59.9113,1000,7,1,1757733149,1757755865,0
LTE,242,2,2808,33114133,-1,10.7323,59.9123,1000,2,1,1757733440,1758187861,0
LTE,242,2,2808,32029963,-1,10.7334,59.9118,1000,4,1,1757733470,1758187861,0
LTE,242,2,2808,31358485,-1,10.7353,59.9112,1000,1,1,1757733600,1757733600,0
LTE,242,2,2808,30812693,-1,10.7388,59.9104,1000,9,1,1757733620,1757755865,0
LTE,242,2,2808,30812683,-1,10.7396,59.9114,1000,4,1,1757733850,1758023582,0
LTE,242,2,2808,32590101,-1,10.7404,59.9101,1000,1,1,1757733930,1757733930,0
LTE,242,2,2808,32590367,-1,10.7424,59.9095,1000,1,1,1757734040,1757734040,0
LTE,242,2,2808,30822165,-1,10.7441,59.9091,1000,5,1,1757734060,1757755865,0
LTE,242,2,2808,31074827,-1,10.7467,59.909,1000,6,1,1757734210,1757755865,0
LTE,242,2,2808,32590359,-1,10.751,59.9095,1000,11,1,1757734490,1758023582,0
LTE,242,2,2704,31871511,-1,10.5808,59.8156,1000,5,1,1757727738,1757759607,0
LTE,242,2,2704,31862039,-1,10.5889,59.8257,1000,2,1,1757727897,1757759607,0
LTE,242,2,2806,30792471,-1,10.6107,59.8458,1871,8,1,1757727987,1757759607,0
LTE,242,2,2811,31349269,-1,10.672,59.8869,1000,3,1,1757728887,1757759607,0
LTE,242,2,2811,30806036,-1,10.6839,59.8924,1000,1,1,1757729067,1757729067,0
LTE,242,2,2811,31071253,-1,10.6975,59.8969,1000,1,1,1757729347,1757729347,0
LTE,242,2,2811,31345687,-1,10.711,59.9086,1000,13,1,1757732048,1758187862,0
LTE,242,2,2808,30817303,-1,10.7166,59.9095,1000,11,1,1757732268,1757759607,0
LTE,242,2,2808,32028173,-1,10.7207,59.9106,1000,2,1,1757732708,1757759607,0
LTE,242,2,2808,30817293,-1,10.7208,59.9105,1000,1,1,1757732728,1757732728,0
LTE,242,2,2808,31334679,-1,10.7231,59.9108,1000,5,1,1757732768,1757759607,0
LTE,242,2,2808,32138519,-1,10.726,59.9114,1000,3,1,1757732968,1757759607,0
LTE,242,2,2808,31334669,-1,10.7263,59.9114,1000,2,1,1757733008,1757759607,0
LTE,242,2,2808,31339277,-1,10.7308,59.9118,1000,8,1,1757733148,1765820342,0
LTE,242,2,2808,33114135,-1,10.7323,59.9131,1000,12,1,1757733408,1765820342,0
LTE,242,2,2808,32029965,-1,10.7334,59.9118,1000,6,1,1757733428,1758187861,0
LTE,242,2,2808,31877901,-1,10.7344,59.9129,1000,5,1,1757733528,1765820342,0
LTE,242,2,2808,31358487,-1,10.7353,59.9112,1000,1,1,1757733608,1757733608,0
LTE,242,2,2808,30812695,-1,10.7386,59.9105,1000,8,1,1757733628,1757759608,0
LTE,242,2,2808,30812685,-1,10.7402,59.9101,1000,3,1,1757733848,1757759607,0
LTE,242,2,2808,32590103,-1,10.7412,59.9107,1000,2,1,1757733928,1758187861,0
LTE,242,2,2808,32590369,-1,10.7422,59.9096,1000,1,1,1757734038,1757734038,0
LTE,242,2,2808,30822167,-1,10.7435,59.9092,1000,3,1,1757734058,1757759607,0
LTE,242,2,2808,31074829,-1,10.7462,59.9089,1000,5,1,1757734188,1757759608,0
LTE,242,2,2808,31056151,-1,10.7376,59.9177,1000,7,1,1757832049,1758040742,0
LTE,242,2,2808,32037655,-1,10.7394,59.9171,1000,14,1,1757832109,1758040742,0
LTE,242,2,2808,31056141,-1,10.7408,59.9182,1000,6,1,1757832169,1757856541,0
LTE,242,2,2808,32601869,-1,10.7427,59.9184,1000,1,1,1757832379,1757832379,0
LTE,242,2,2808,32046605,-1,10.7438,59.9183,1000,3,1,1757832440,1757856541,0
LTE,242,2,2808,31872545,-1,10.7463,59.9183,1000,5,1,1757832509,1757856541,0
LTE,242,2,2808,31872535,-1,10.7505,59.9185,1000,2,1,1757832709,1757936881,0
LTE,242,2,2808,31872525,-1,10.748,59.9196,1000,9,1,1757832730,1757856541,0
LTE,242,2,2808,32137761,-1,10.7499,59.921,1000,3,1,1757832985,1757936881,0
LTE,242,2,2808,31872523,-1,10.749,59.9205,1000,6,1,1757833109,1757856542,0
LTE,242,2,2808,32137759,-1,10.7496,59.9208,1000,4,1,1757833339,1757856542,0
LTE,242,2,2801,32612129,-1,10.7506,59.9225,1000,10,1,1757833530,1757936881,0
LTE,242,2,2801,32145677,-1,10.7508,59.9236,1000,4,1,1757833709,1757936881,0
LTE,242,2,2801,32145674,-1,10.7508,59.9237,1000,1,1,1757833760,1757833760,0
LTE,242,2,2801,31336990,-1,10.7514,59.9231,1000,4,1,1757833810,1757936881,0
LTE,242,2,2801,31336970,-1,10.7536,59.9242,1000,1,1,1757833950,1757833950,0
LTE,242,2,2808,32043806,-1,10.7536,59.9187,1000,1,1,1757834680,1757834680,0
LTE,242,2,2808,32043809,-1,10.7537,59.9178,1000,9,1,1757834710,1757936881,0
LTE,242,2,2808,32610849,-1,10.753,59.9169,1000,5,1,1757834950,1757936881,0
LTE,242,2,2808,31071777,-1,10.7514,59.916,1000,7,1,1757835020,1757936881,0
LTE,242,2,2808,31071757,-1,10.7518,59.9163,1000,6,1,1757835070,1757936881,0
LTE,242,2,2808,31071775,-1,10.7509,59.9156,1000,3,1,1757835180,1757856542,0
LTE,242,2,2808,31878935,-1,10.7462,59.9128,1000,16,1,1757835370,1758040742,0
LTE,242,2,2808,32028959,-1,10.7488,59.9145,1000,1,1,1757835450,1757835450,0
LTE,242,2,2808,31878933,-1,10.7461,59.9119,1651,19,1,1757835510,1758040743,0
LTE,242,2,2804,32444294,-1,10.7486,59.9113,1000,11,1,1757835730,1758187861,0
LTE,242,2,2808,31056148,-1,10.7378,59.918,1000,4,1,1757832036,1757936881,0
LTE,242,2,2808,32037652,-1,10.7384,59.918,1000,1,1,1757832127,1757832127,0
LTE,242,2,2808,31056138,-1,10.7411,59.9182,1000,5,1,1757832187,1757936881,0
LTE,242,2,2808,32601866,-1,10.7432,59.9184,1000,2,1,1757832387,1757936881,0
LTE,242,2,2808,32046602,-1,10.7445,59.9183,1000,3,1,1757832447,1757936881,0
LTE,242,2,2808,31872542,-1,10.746,59.9183,1000,3,1,1757832527,1757936881,0
LTE,242,2,2808,31872532,-1,10.7476,59.9185,1000,1,1,1757832687,1757832687,0
LTE,242,2,2808,31872522,-1,10.7486,59.9201,1000,5,1,1757832737,1757936881,0
LTE,242,2,2808,32137758,-1,10.749,59.9203,1000,2,1,1757832977,1757936881,0
LTE,242,2,2801,32141066,-1,10.748,59.9201,1000,2,1,1757833117,1757936881,0
LTE,242,2,2801,31336993,-1,10.7525,59.924,1000,5,1,1757833797,1757936881,0
LTE,242,2,2801,32612109,-1,10.7537,59.9226,1000,6,1,1757834027,1757936881,0
LTE,242,2,2808,32028961,-1,10.7483,59.9137,1000,2,1,1757835457,1757936881,0
LTE,242,2,2808,31878925,-1,10.7465,59.9134,1000,1,1,1757835667,1757835667,0
LTE,242,2,2811,31874059,-1,10.7306,59.9052,1815,6,1,1757910145,1766852285,0
LTE,242,2,2808,32590356,-1,10.7523,59.9095,1000,1,1,1757914955,1757914955,0
LTE,242,2,2811,31057431,-1,10.7103,59.9113,3590,2,1,1757904961,1765385461,0
LTE,242,2,2811,33905686,-1,10.7314,59.9026,2107,5,1,1757905841,1758187862,0
LTE,242,2,2808,31340299,-1,10.7341,59.9155,1000,15,1,1757993180,1758040742,0
LTE,242,2,2808,31877909,-1,10.7367,59.9149,1000,6,1,1757993150,1758040742,0
LTE,242,2,2808,94808361,-1,10.7316,59.916,1000,10,1,1757993280,1758023581,0
LTE,242,2,2808,31340319,-1,10.7298,59.9166,1000,19,1,1757993520,1758023581,0
LTE,242,2,2808,30803231,-1,10.7397,59.9139,1000,6,1,1757994770,1758187861,0
LTE,242,2,2808,31358495,-1,10.7385,59.9138,1000,10,1,1757994930,1758023582,0
LTE,242,2,2808,33918496,-1,10.7393,59.9144,1000,2,1,1757995330,1758023581,0
LTE,242,2,2808,33918476,-1,10.7393,59.9144,1000,2,1,1757995490,1758023581,0
LTE,242,2,2808,31877911,-1,10.7367,59.9144,1000,17,1,1757993117,1765820343,0
LTE,242,2,2808,31340301,-1,10.734,59.9151,1000,10,1,1757993157,1765820343,0
LTE,242,2,2808,94808464,-1,10.732,59.9158,1000,2,1,1757993307,1758023581,0
LTE,242,2,2808,30803233,-1,10.7375,59.9143,1000,1,1,1757994917,1757994917,0
LTE,242,2,2808,31358497,-1,10.7385,59.9141,1000,7,1,1757994927,1765820342,0
LTE,242,2,33192,51222276,-1,10.7394,59.9144,1000,1,1,1757996017,1757996017,0
LTE,242,2,2808,32590871,-1,10.7365,59.914,1000,5,1,1757998427,1765820342,0
LTE,242,2,2808,31877899,-1,10.7348,59.9133,1000,6,1,1757998517,1758023582,0
LTE,242,2,2808,34437900,-1,10.7347,59.9137,1000,1,1,1757998977,1757998977,0
LTE,242,2,2808,31877898,-1,10.7347,59.9129,1000,10,1,1757999107,1758187861,0
LTE,242,2,2808,32590869,-1,10.736,59.9136,1000,4,1,1758000157,1758023582,0
LTE,242,2,2808,31358475,-1,10.739,59.913,1000,1,1,1758000347,1758000347,0
LTE,242,2,2808,30803223,-1,10.7404,59.9121,1000,2,1,1758000467,1758187861,0
LTE,242,2,2808,31358477,-1,10.7402,59.9124,1000,1,1,1758000497,1758000497,0
LTE,242,2,2808,32132641,-1,10.7424,59.9117,1000,9,1,1758000547,1758187861,0
LTE,242,2,2808,32132638,-1,10.7414,59.9119,1000,2,1,1758000657,1758187861,0
LTE,242,2,2808,32132639,-1,10.7435,59.9119,1000,5,1,1758000687,1758040743,0
LTE,242,2,2808,31878943,-1,10.7439,59.9127,1000,11,1,1758000757,1758040743,0
LTE,242,2,2808,31878945,-1,10.7436,59.9121,1000,1,1,1758000818,1758000818,0
LTE,242,2,2808,30803213,-1,10.7435,59.9126,1000,5,1,1758000867,1758023582,0
LTE,242,2,2808,32132621,-1,10.7488,59.9112,1000,2,1,1758011780,1758040742,0
LTE,242,2,2808,31878932,-1,10.7449,59.9126,1000,3,1,1758012661,1758040743,0
LTE,242,2,2808,34438944,-1,10.7442,59.9136,1000,1,1,1758012941,1758012941,0
LTE,242,2,2808,31878942,-1,10.7439,59.9137,1000,2,1,1758013051,1758040742,0
LTE,242,2,2808,32037387,-1,10.7437,59.9138,1000,1,1,1758013431,1758013431,0
LTE,242,2,2808,32037389,-1,10.7437,59.9138,1000,1,1,1758013461,1758013461,0
LTE,242,2,2808,34597388,-1,10.7437,59.9138,1000,1,1,1758013511,1758013511,0
LTE,242,2,2808,32037396,-1,10.743,59.9141,1000,4,1,1758015211,1758040742,0
LTE,242,2,2808,30818570,-1,10.7422,59.9144,1000,2,1,1758015311,1758040742,0
LTE,242,2,2808,30818590,-1,10.7416,59.9148,1000,2,1,1758015391,1758040742,0
LTE,242,2,2808,31346699,-1,10.7411,59.9148,1000,2,1,1758015451,1758040742,0
LTE,242,2,2808,32141333,-1,10.7415,59.9153,1000,1,1,1758015471,1758015471,0
LTE,242,2,2808,30818571,-1,10.74,59.9153,1000,3,1,1758015501,1758040742,0
LTE,242,2,2808,32037643,-1,10.7412,59.9157,1000,1,1,1758015511,1758015511,0
LTE,242,2,2808,31358743,-1,10.7376,59.9178,1000,1,1,1758015912,1758015912,0
LTE,242,2,2808,31340321,-1,10.7362,59.9176,1000,2,1,1758016011,1758040742,0
LTE,242,2,2808,32590859,-1,10.7352,59.9164,1000,1,1,1758016151,1758016151,0
LTE,242,2,2808,30797599,-1,10.7372,59.9161,1000,5,1,1758016181,1758040742,0
LTE,242,2,2808,30797589,-1,10.7385,59.9158,1000,4,1,1758016361,1758040742,0
LTE,242,2,2808,30818591,-1,10.7403,59.9147,1000,5,1,1758016471,1758040742,0
LTE,242,2,2808,31358474,-1,10.7401,59.9135,1000,3,1,1758016881,1758187861,0
LTE,242,2,2808,30803230,-1,10.7408,59.9133,1000,4,1,1758016931,1758187861,0
LTE,242,2,2808,32037397,-1,10.7415,59.9139,1000,5,1,1758017032,1758040743,0
LTE,242,2,2808,30803211,-1,10.742,59.9127,1000,17,1,1758017261,1758187861,0
LTE,242,2,2808,34438934,-1,10.7436,59.9125,1000,1,1,1758017771,1758017771,0
LTE,242,2,2808,30803220,-1,10.7436,59.9125,1000,1,1,1758017881,1758017881,0
LTE,242,2,2808,30803221,-1,10.7436,59.9125,1000,1,1,1758017891,1758017891,0
LTE,242,2,2808,32590091,-1,10.7436,59.9125,1000,1,1,1758018151,1758018151,0
LTE,242,2,2808,35612426,-1,10.7436,59.9125,1000,1,1,1758018411,1758018411,0
LTE,242,2,2808,35612429,-1,10.7436,59.9125,1000,1,1,1758018431,1758018431,0
LTE,242,2,2808,94790667,-1,10.7436,59.9125,1000,1,1,1758018561,1758018561,0
LTE,242,2,2804,94793525,-1,10.7526,59.9105,1000,3,1,1758020371,1772725805,0
LTE,242,2,2808,30822157,-1,10.7465,59.9107,1000,2,1,1758077037,1758187861,0
LTE,242,2,2808,32132631,-1,10.7455,59.911,1000,3,1,1758077077,1758187861,0
LTE,242,2,2808,32590093,-1,10.7422,59.9115,1000,4,1,1758077347,1758187861,0
LTE,242,2,2808,32590113,-1,10.7413,59.9113,1000,3,1,1758077627,1758187861,0
LTE,242,2,2808,32590349,-1,10.7414,59.9111,1000,2,1,1758077637,1758187861,0
LTE,242,2,2808,30803210,-1,10.7418,59.9127,1000,4,1,1758078047,1758187861,0
LTE,242,2,2808,31358494,-1,10.7389,59.9133,1000,3,1,1758079007,1758187861,0
LTE,242,2,2808,31358484,-1,10.7367,59.9123,1000,5,1,1758079227,1758187861,0
LTE,242,2,2808,33114122,-1,10.7358,59.9119,1000,1,1,1758079407,1758079407,0
LTE,242,2,2808,33114132,-1,10.7325,59.9126,1000,7,1,1758080147,1758187861,0
LTE,242,2,2808,32029962,-1,10.7322,59.9125,1000,4,1,1758080247,1758187861,0
LTE,242,2,2808,31339287,-1,10.7279,59.9101,1000,3,1,1758083397,1758187862,0
LTE,242,2,2808,31339285,-1,10.7256,59.9091,1000,5,1,1758083547,1758187862,0
LTE,242,2,2808,94808913,-1,10.7235,59.9087,1000,2,1,1758083707,1758187862,0
LTE,242,2,2808,32027935,-1,10.7224,59.9086,1000,3,1,1758084077,1758187862,0
LTE,242,2,2808,30817291,-1,10.7219,59.9097,1000,4,1,1758084257,1758187862,0
LTE,242,2,2811,31345675,-1,10.7112,59.909,1000,4,1,1758084587,1758187862,0
LTE,242,2,2811,31345695,-1,10.7092,59.9087,1000,3,1,1758085097,1758187862,0
LTE,242,2,2811,31071243,-1,10.7089,59.9089,1000,1,1,1758088274,1758088274,0
LTE,242,2,2811,31874061,-1,10.708,59.9082,1000,1,1,1758089114,1758089114,0
LTE,242,2,2811,31874058,-1,10.7079,59.9054,1000,3,1,1758090169,1758187862,0
LTE,242,2,2808,32028180,-1,10.7087,59.9048,1000,4,1,1758090179,1758187862,0
LTE,242,2,2811,31063562,-1,10.7085,59.9011,1000,2,1,1758090512,1758187862,0
LTE,242,2,2704,32332301,-1,10.5638,59.7939,1000,14,1,1758093070,1758187863,0
LTE,242,2,2771,32682762,0,10.2268,59.7495,1000,1,1,1759133901,1759133901,0
LTE,242,2,2704,30874143,0,10.2759,59.793,1000,1,1,1764760902,1764760902,0
LTE,242,2,2806,32321045,-1,10.6257,59.9011,500,29,1,1765367208,1765901761,0
LTE,242,2,2806,31597579,-1,10.628,59.8992,1000,16,1,1765367143,1765901761,0
LTE,242,2,2806,32317195,-1,10.6277,59.9097,1000,14,1,1765367824,1765901761,0
LTE,242,2,2811,30817815,-1,10.6475,59.9238,2008,13,1,1765367849,1765820342,0
LTE,242,2,2811,32599063,-1,10.659,59.9286,1000,24,1,1765368019,1765820342,0
LTE,242,2,2811,32599053,-1,10.6662,59.9308,500,28,1,1765368104,1765820342,0
LTE,242,2,2811,30805271,-1,10.6706,59.9326,1000,20,1,1765368154,1765820342,0
LTE,242,2,2811,32043021,-1,10.6771,59.9353,1000,21,1,1765368179,1765820342,0
LTE,242,2,2811,30799637,-1,10.6809,59.9368,1000,1,1,1765368300,1765368300,0
LTE,242,2,2811,30799636,-1,10.682,59.9372,1000,7,1,1765368310,1765901762,0
LTE,242,2,2811,30799626,-1,10.6868,59.9367,1000,18,1,1765368395,1765901762,0
LTE,242,2,2801,31343380,-1,10.6974,59.9345,500,28,1,1765368450,1765901762,0
LTE,242,2,2801,31343370,-1,10.704,59.9328,1000,6,1,1765368565,1765901762,0
LTE,242,2,2801,31343383,-1,10.6968,59.9346,500,29,1,1765422922,1765820342,0
LTE,242,2,2811,30799629,-1,10.6866,59.9367,1000,15,1,1765423032,1765820342,0
LTE,242,2,2811,30799639,-1,10.6809,59.9369,1000,17,1,1765423518,1765820342,0
LTE,242,2,2806,32321057,-1,10.628,59.9046,1000,18,1,1765423909,1765784521,0
LTE,242,2,2806,32321047,-1,10.6254,59.9008,1000,22,1,1765424004,1765784521,0
LTE,242,2,2806,95004941,-1,10.6258,59.8999,1000,5,1,1765424289,1765784521,0
LTE,242,2,2806,31597581,-1,10.6282,59.8992,1000,19,1,1765424319,1765820342,0
LTE,242,2,2811,30817813,-1,10.6357,59.9164,1412,3,1,1765451563,1765820342,0
LTE,242,2,2811,32599061,-1,10.659,59.9286,1000,20,1,1765451568,1765901761,0
LTE,242,2,2811,32599051,-1,10.6667,59.9309,1000,10,1,1765451653,1765901761,0
LTE,242,2,2811,30805269,-1,10.6714,59.933,1000,2,1,1765451713,1765491661,0
LTE,242,2,2811,32043019,-1,10.6763,59.935,1000,9,1,1765451723,1765491661,0
LTE,242,2,2811,32043018,-1,10.6768,59.9352,1000,10,1,1765451878,1765901762,0
LTE,242,2,2806,31597589,-1,10.6295,59.9,1000,1,1,1765513422,1765513422,0
LTE,242,2,2806,31858699,-1,10.6311,59.9003,1000,2,1,1765513497,1765529821,0
LTE,242,2,2811,33377814,-1,10.6461,59.923,1891,3,1,1765538994,1765901761,0
LTE,242,2,2811,31059213,-1,10.6533,59.927,1000,1,1,1765539119,1765539119,0
LTE,242,2,2811,33376278,-1,10.6324,59.9001,1000,1,1,1765783685,1765783685,0
LTE,242,2,2806,95004939,-1,10.6268,59.8993,1000,1,1,1765882479,1765882479,0
LTE,242,2,2811,33619212,-1,10.6532,59.927,1000,1,1,1765882960,1765882960,0
LTE,242,2,2811,33915158,-1,10.6548,59.9275,1000,2,1,1765882965,1765901761,0
LTE,242,2,2811,32599050,-1,10.6678,59.9314,1000,5,1,1765883100,1765901762,0
LTE,242,2,2811,30805268,-1,10.6713,59.933,1000,6,1,1765883165,1765901762,0
LTE,242,2,2801,32599585,-1,10.7171,59.9307,1000,1,1,1765885210,1765885210,0
LTE,242,2,2808,32028949,-1,10.7537,59.9147,1000,7,1,1766215482,1766238904,0
LTE,242,2,2801,31057687,-1,10.7092,59.9335,1000,1,1,1767693682,1767693682,0
LTE,242,2,2771,30873970,0,10.2246,59.741,1000,1,1,1770977712,1770977712,0
LTE,242,2,2771,30873866,0,10.2237,59.7414,1000,1,1,1771935102,1771935102,0
LTE,242,2,2771,31959563,0,10.2172,59.7427,1000,1,1,1772012947,1772012947,0
LTE,242,2,2771,31411210,0,10.2525,59.7515,1000,1,1,1772015556,1772015556,0
LTE,242,2,2771,31435038,0,10.2443,59.7872,1000,1,1,1772231372,1772231372,0
LTE,242,2,2771,31974167,0,10.2442,59.7872,1000,1,1,1772231751,1772231751,0
LTE,242,2,2771,31959583,0,10.2442,59.7872,1000,1,1,1772231795,1772231795,0
LTE,242,2,2771,31959582,0,10.2566,59.7685,1000,1,1,1773218105,1773218105,0
